{
  "DMD": [
    [ 32.97536, -117.264435 ],
    [ 32.974608, -117.264669 ],
    [ 32.974563, -117.264546 ],
    [ 32.973995, -117.264664 ],
    [ 32.973909, -117.264675 ],
    [ 32.97382, -117.264302 ],
    [ 32.973728, -117.263842 ],
    [ 32.973658, -117.263335 ],
    [ 32.973495, -117.262098 ],
    [ 32.973893, -117.262002 ],
    [ 32.974666, -117.261798 ],
    [ 32.974622, -117.261425 ],
    [ 32.974545, -117.260926 ],
    [ 32.974619, -117.260374 ],
    [ 32.97473, -117.260111 ],
    [ 32.975055, -117.259647 ],
    [ 32.975134, -117.259572 ],
    [ 32.975271, -117.259478 ],
    [ 32.975481, -117.259379 ],
    [ 32.975834, -117.259304 ],
    [ 32.976232, -117.259341 ],
    [ 32.97661, -117.259537 ],
    [ 32.976799, -117.259698 ],
    [ 32.976007, -117.256823 ],
    [ 32.976034, -117.256747 ],
    [ 32.976196, -117.256533 ],
    [ 32.97823, -117.26414 ],
    [ 32.978446, -117.265062 ],
    [ 32.978347, -117.265406 ],
    [ 32.97814, -117.266028 ],
    [ 32.977735, -117.266393 ],
    [ 32.977105, -117.266682 ],
    [ 32.976529, -117.266532 ],
    [ 32.97598, -117.26606 ],
    [ 32.975638, -117.265234 ],
    [ 32.975521, -117.264816 ],
    [ 32.975431, -117.264504 ],
    [ 32.975413, -117.264419 ]
  ],
  "FED": [
    [ 40.586671, -124.261985 ],
    [ 40.586667, -124.264217 ],
    [ 40.586341, -124.264201 ],
    [ 40.586333, -124.264458 ],
    [ 40.586325, -124.264673 ],
    [ 40.586280, -124.264850 ],
    [ 40.586211, -124.265000 ],
    [ 40.586117, -124.265150 ],
    [ 40.586015, -124.265274 ],
    [ 40.585865, -124.265403 ],
    [ 40.585755, -124.265424 ],
    [ 40.585641, -124.265429 ],
    [ 40.585474, -124.265408 ],
    [ 40.585307, -124.265338 ],
    [ 40.585205, -124.265274 ],
    [ 40.585131, -124.265177 ],
    [ 40.585021, -124.265032 ],
    [ 40.585021, -124.265451 ],
    [ 40.584883, -124.265445 ],
    [ 40.584891, -124.262189 ],
    [ 40.584903, -124.262015 ],
    [ 40.584942, -124.261819 ],
    [ 40.584979, -124.261677 ],
    [ 40.585042, -124.261554 ],
    [ 40.585178, -124.261374 ],
    [ 40.585266, -124.261296 ],
    [ 40.585410, -124.261216 ],
    [ 40.585516, -124.261183 ],
    [ 40.585655, -124.261173 ],
    [ 40.585787, -124.261191 ],
    [ 40.585907, -124.261253 ],
    [ 40.585989, -124.261312 ],
    [ 40.586079, -124.261401 ],
    [ 40.586113, -124.261452 ],
    [ 40.586180, -124.261556 ],
    [ 40.586184, -124.261141 ],
    [ 40.586356, -124.261141 ],
    [ 40.586347, -124.261945 ],
    [ 40.586669, -124.261980 ]
  ],
  "FND": [
    [ 36.733235, -119.748970 ],
    [ 36.733235, -119.749249 ],
    [ 36.732960, -119.749281 ],
    [ 36.733029, -119.749410 ],
    [ 36.733029, -119.750118 ],
    [ 36.732109, -119.750204 ],
    [ 36.731619, -119.750247 ],
    [ 36.731601, -119.749582 ],
    [ 36.730716, -119.749582 ],
    [ 36.730656, -119.749582 ],
    [ 36.730647, -119.749399 ],
    [ 36.730492, -119.749378 ],
    [ 36.730269, -119.749378 ],
    [ 36.730114, -119.749314 ],
    [ 36.729632, -119.749324 ],
    [ 36.729529, -119.749228 ],
    [ 36.729357, -119.749249 ],
    [ 36.729357, -119.748541 ],
    [ 36.729546, -119.748541 ],
    [ 36.729615, -119.748445 ],
    [ 36.729566, -119.748351 ],
    [ 36.729471, -119.748179 ],
    [ 36.729396, -119.748010 ],
    [ 36.729336, -119.747849 ],
    [ 36.729301, -119.747739 ],
    [ 36.729288, -119.747635 ],
    [ 36.729278, -119.747546 ],
    [ 36.729271, -119.747305 ],
    [ 36.729288, -119.747063 ],
    [ 36.729323, -119.746854 ],
    [ 36.729385, -119.746653 ],
    [ 36.729456, -119.746497 ],
    [ 36.729551, -119.746342 ],
    [ 36.729626, -119.746208 ],
    [ 36.729701, -119.746106 ],
    [ 36.729811, -119.745982 ],
    [ 36.729916, -119.745891 ],
    [ 36.729609, -119.745896 ],
    [ 36.729607, -119.745674 ],
    [ 36.734265, -119.745623 ],
    [ 36.734366, -119.745650 ],
    [ 36.734514, -119.745693 ],
    [ 36.734645, -119.745754 ],
    [ 36.734768, -119.745819 ],
    [ 36.734905, -119.745926 ],
    [ 36.735037, -119.746052 ],
    [ 36.735146, -119.746178 ],
    [ 36.735249, -119.746334 ],
    [ 36.735325, -119.746481 ],
    [ 36.735389, -119.746642 ],
    [ 36.735445, -119.746835 ],
    [ 36.735473, -119.747002 ],
    [ 36.735481, -119.747171 ],
    [ 36.735486, -119.747358 ],
    [ 36.735479, -119.747495 ],
    [ 36.735445, -119.747677 ],
    [ 36.735400, -119.747852 ],
    [ 36.735353, -119.747978 ],
    [ 36.735269, -119.748147 ],
    [ 36.735170, -119.748310 ],
    [ 36.735095, -119.748418 ],
    [ 36.735013, -119.748504 ],
    [ 36.734858, -119.748664 ],
    [ 36.735176, -119.748667 ],
    [ 36.735178, -119.748935 ],
    [ 36.733242, -119.748965 ]
  ],
  "GGD": [
    [ 37.886053, -122.313058 ],
    [ 37.8859, -122.313733 ],
    [ 37.885329, -122.313673 ],
    [ 37.885252, -122.313946 ],
    [ 37.884321, -122.313764 ],
    [ 37.884173, -122.313802 ],
    [ 37.884042, -122.313946 ],
    [ 37.883859, -122.313991 ],
    [ 37.883652, -122.313862 ],
    [ 37.883483, -122.31365 ],
    [ 37.883432, -122.313506 ],
    [ 37.883106, -122.313271 ],
    [ 37.882966, -122.313036 ],
    [ 37.882894, -122.312967 ],
    [ 37.882598, -122.312656 ],
    [ 37.882136, -122.312421 ],
    [ 37.881908, -122.312353 ],
    [ 37.881946, -122.312125 ],
    [ 37.882047, -122.312011 ],
    [ 37.88217, -122.312004 ],
    [ 37.882242, -122.31189 ],
    [ 37.882234, -122.311844 ],
    [ 37.882073, -122.311579 ],
    [ 37.882013, -122.311397 ],
    [ 37.881912, -122.310957 ],
    [ 37.881929, -122.31038 ],
    [ 37.882018, -122.310016 ],
    [ 37.882174, -122.309652 ],
    [ 37.882513, -122.309273 ],
    [ 37.882687, -122.309182 ],
    [ 37.882437, -122.309075 ],
    [ 37.882352, -122.309098 ],
    [ 37.882208, -122.30903 ],
    [ 37.882183, -122.308871 ],
    [ 37.8822, -122.30859 ],
    [ 37.883466, -122.308848 ],
    [ 37.887175, -122.309758 ],
    [ 37.887611, -122.309955 ],
    [ 37.887793, -122.3101 ],
    [ 37.887907, -122.310266 ],
    [ 37.887983, -122.310395 ],
    [ 37.888097, -122.310555 ],
    [ 37.888195, -122.310767 ],
    [ 37.888267, -122.311071 ],
    [ 37.888296, -122.311245 ],
    [ 37.888318, -122.311617 ],
    [ 37.888241, -122.312193 ],
    [ 37.888123, -122.312467 ],
    [ 37.888017, -122.312664 ],
    [ 37.887776, -122.312944 ],
    [ 37.88767, -122.313104 ],
    [ 37.887928, -122.313248 ],
    [ 37.887886, -122.313536 ],
    [ 37.886213, -122.313127 ],
    [ 37.886082, -122.313066 ],
    [ 37.886053, -122.313051 ]
  ],